<?xml version="1.0" encoding="ISO-8859-1" ?>

<!DOCTYPE scenario SYSTEM "sipp.dtd">

<scenario name="UAC with media">
 
  <!-- invite(1) -->

  <label id="2"/>
  

  <send retrans="500">
     <![CDATA[
      INVITE sip:[field1]@[remote_ip]:[remote_port] SIP/2.0
      Via: SIP/2.0/[transport] [local_ip]:[local_port];branch=[branch]
      Record-Route: <sip:[local_ip]:[local_port];transport=UDP;lr>
      From: [field0] <sip:[field0]@[local_ip]:[local_port]>;tag=[call_number]
      To: [field1] <sip:[field1]@[remote_ip]:[remote_port]>
      Call-ID: [call_id]
      CSeq: 1 INVITE
      Contact: sip:[field0]@[local_ip]:[local_port]
      Max-Forwards: 70
      Subject: Call Performance Test made by steven
      user-agent: SIPp client mode version [sipp_version]
      Content-Type: application/sdp
      Content-Length: [len]

      v=0
      o=SIPp [pid][call_number] 8[pid][call_number]8 IN IP[local_ip_type] [local_ip]
      s=SIPp Call Test
      c=IN IP[local_ip_type] [local_ip]
      t=0 0
      m=audio [auto_media_port] RTP/AVP 18 101
      a=fmtp:18 annexb=yes
      a=rtpmap:101 telephone-event/8000
      a=ptime:20
     ]]>
  </send>

  <recv response="100" optional="true"></recv>
  <recv response="407" auth="true" next="3"></recv>

 

  <!-- ack(1) -->

  <label id="3"/>

  <send>
    <![CDATA[
	ACK sip:[field1]@[remote_ip]:[remote_port] SIP/2.0
	[last_Via:]
	From: [field0] <sip:[field0]@[local_ip]:[local_port]>;tag=[call_number]
	To: [field1] <sip:[field1]@[remote_ip]:[remote_port]>[peer_tag_param]
	Call-ID: [call_id]
	CSeq: 1 ACK
	Contact: sip:[field0]@[local_ip]:[local_port]
	Max-Forwards: 70
	Subject: Performance Test
	Content-Length: 0
     ]]>

  </send>

 
 

  <!-- invite(2) -->

  <send retrans="500">
    <![CDATA[
      INVITE sip:[field1]@[remote_ip]:[remote_port] SIP/2.0
      Via: SIP/2.0/[transport] [local_ip]:[local_port];branch=[branch]
      Record-Route: <sip:[local_ip]:[local_port];transport=UDP;lr>
      From: [field0] <sip:[field0]@[local_ip]:[local_port]>;tag=[call_number]
      To: [field1] <sip:[field1]@[remote_ip]:[remote_port]>
      Call-ID: [call_id]
      CSeq: 2 INVITE
      Contact: sip:[field0]@[local_ip]:[local_port]
      Max-Forwards: 70
      Subject: Call Performance Test made by steven
      user-agent: SIPp client mode version [sipp_version]
      Content-Type: application/sdp
      Content-Length: [len]
      [field2]      

      v=0
      o=SIPp [pid][call_number] 8[pid][call_number]8 IN IP[local_ip_type] [local_ip]
      s=SIPp Call Test
      c=IN IP[local_ip_type] [local_ip]
      t=0 0
      m=audio [auto_media_port] RTP/AVP 18 101
      a=fmtp:18 annexb=yes
      a=rtpmap:101 telephone-event/8000
      a=ptime:20
      a=sendrecv
    ]]>

  </send>
   
   <recv response="100" optional="true" rtd="invite"/>
   <recv response="180" optional="true" rtd="invite"/>  
   <recv response="183" optional="true" rtd="invite"/>   
   <recv response="200" rtd="true" next="4"></recv> 
 
   <!-- ack(2) -->

  <label id="4"/>

  <send>

    <![CDATA[

        ACK sip:[field1]@[remote_ip]:[remote_port] SIP/2.0
	[last_Via:]
        From: [field0] <sip:[field0]@[local_ip]:[local_port]>;tag=[call_number]
        To: [field1] <sip:[field1]@[remote_ip]:[remote_port]>[peer_tag_param]
        Call-ID: [call_id]
        CSeq: 2 ACK
        Contact: sip:[field0]@[local_ip]:[local_port]
        Max-Forwards: 70
        Subject: Performance Test
        Content-Length: 0
    ]]>

  </send>

 

 <nop>
   <action>
   <assign assign_to="sum" value="0" />
   </action>
</nop>


<label id="play_pcap" />

<nop>
     <action>
       <exec play_pcap_audio="G729Long.pcap"/>
     </action>
  </nop>

  <pause milliseconds="60000"/>

<nop>
<action>
<!--sum 2,sum-->
<add assign_to="sum" value="1" />
</action>
</nop>

<nop>
<action>
<test assign_to="result" variable="sum" compare="less_than" value="1" />
</action>
</nop>
<nop hide="true" next="play_pcap" test="result"/>

 <pause milliseconds="1000"/>

  <!-- bye -->

  <send retrans="500">

    <![CDATA[
	BYE sip:[field1]@[remote_ip]:[remote_port] SIP/2.0
	Via: SIP/2.0/[transport] [local_ip]:[local_port];branch=[branch]
	From: [field0] <sip:[field0]@[local_ip]:[local_port]>;tag=[call_number]
	To: [field1] <sip:[field1]@[remote_ip]:[remote_port]>[peer_tag_param]
	Call-ID: [call_id]
	CSeq: 2 BYE
	Contact: sip:[field0]@[local_ip]:[local_port]
	Max-Forwards: 70
	Subject: Performance Test
	Content-Length: 0
    ]]>

  </send>

  <recv response="200" crlf="true"></recv>

 

  <!-- definition of the response time repartition table (unit is ms)   -->

  <ResponseTimeRepartition value="10, 20, 30, 40, 50, 100, 150, 200"/>

  <!-- definition of the call length repartition table (unit is ms)     -->

  <CallLengthRepartition value="10, 50, 100, 500, 1000, 5000, 10000"/>

</scenario>


  
