<?xml version="1.0" encoding="ISO-8859-1" ?>
<!DOCTYPE scenario SYSTEM "sipp.dtd">

<scenario name="branch_server">


  <recv request="INVITE">

  </recv>

  <send>

    <![CDATA[
      SIP/2.0 180 Ringing
      [last_Via:]
      [last_From:]
      [last_To:];tag=[call_number]
      [last_Call-ID:]
      [last_CSeq:]
      [last_Record-Route:]
      Contact: <sip:[local_ip]:[local_port]>
      P-Asserted-Identity: "[field1]" <sip:[field1]@[local_ip]>
      Content-Length:[len]
    ]]>

  </send>

  



  <send>

    <![CDATA[



      SIP/2.0 200 OK
      [last_Via:]
      Allow: INVITE,CANCEL,ACK,BYE
      [last_From:]
      [last_To:];tag=[call_number]
      [last_Call-ID:]
      [last_CSeq:]
      [last_Record-Route:]
      Contact: <sip:[local_ip]:[local_port]>
      P-Asserted-Identity: "[field1]" <sip:[field1]@[local_ip]>
      Content-Type: application/sdp
      Content-Length:[len]

      v=0
      o=- [field1] 00 IN IP4 [local_ip]
      s=-
      t=0 0
      c=IN IP4 [local_ip]
      m=audio [auto_media_port] RTP/AVP 18 101
      a=fmtp:18 annexb=yes
      a=rtpmap:101 telephone-event/8000
      a=fmtp:101 0-16
      a=sendrecv

    ]]>

  </send>

 
<recv request="ACK"  rtd="true" crlf="true">
  </recv>
  <pause milliseconds="1000"/>

<nop>
     <action>
       <exec play_pcap_audio="G729Long.pcap"/>
     </action>
  </nop>

 
  <pause milliseconds="60000"/>

<recv request="BYE">
  </recv>



  <send>

    <![CDATA[



      SIP/2.0 200 OK
      [last_Via:]
      [last_From:]
      [last_To:]
      [last_Call-ID:]
      [last_CSeq:]
      Contact: <sip:[local_ip]:[local_port];transport=[transport]>
      Content-Length: 0

    ]]>

  </send>

  <!-- Keep the call open for a while in case the 200 is lost to be     -->

  <!-- able to retransmit it if we receive the BYE again.               -->

  <pause milliseconds="100"/>



  <!-- Definition of the response time repartition table (unit is ms)   -->

  <ResponseTimeRepartition value="10, 20, 30, 40, 50, 100, 150, 200"/>



  <!-- Definition of the call length repartition table (unit is ms)     -->

  <CallLengthRepartition value="10, 50, 100, 500, 1000, 5000, 10000"/>



</scenario>

